{"cameraMode":{"drawMode":0,"name":"Shaded","section":"Shading Mode"},"sceneLighting":true,"audioPlay":false,"sceneViewState":{"m_AlwaysRefresh":false,"showFog":true,"showSkybox":false,"showFlares":true,"showImageEffects":true,"showParticleSystems":true,"showVisualEffectGraphs":true,"m_FxEnabled":true},"in2DMode":false,"pivot":{"x":0.7281532287597656,"y":-13.364664077758789,"z":0.8041071891784668},"rotation":{"x":-0.12048812955617905,"y":0.8160478472709656,"z":-0.5345309972763062,"w":-0.18394480645656587},"size":24.686824798583986,"orthographic":false}