{"cameraMode":{"drawMode":0,"name":"Shaded","section":"Shading Mode"},"sceneLighting":true,"audioPlay":false,"sceneViewState":{"m_AlwaysRefresh":false,"showFog":true,"showSkybox":false,"showFlares":true,"showImageEffects":true,"showParticleSystems":true,"showVisualEffectGraphs":true,"m_FxEnabled":true},"in2DMode":false,"pivot":{"x":-1.8010954856872559,"y":-11.937707901000977,"z":11.643844604492188},"rotation":{"x":0.35731202363967898,"y":-0.007004765328019857,"z":0.00267985207028687,"w":0.9339573383331299},"size":80.36739349365235,"orthographic":false}